{
  "packages":
  [
    {
      "name": "SAML21",
      "maintainer": "Jelle Komen",
      "websiteURL": "https://inholland.nl",
      "email" : "625879@student.inholland.nl",
      "platforms":
      [
        {
          "name": "SAML core for Arduino",
          "architecture": "saml",
          "version": "1.6.18",
          "category": "Contributed",
          "url": "https://github.com/robotics-masters/mm1-hat-arduino/raw/master/custom_board/RoboHat-0.0.12.zip",
          "archiveFileName": "RoboHat-0.0.12.zip",
          "checksum": "SHA-256:e6a4c0b37a90a922777556d3af04c0396d9fc7fc47dfa5220f3d3da2410a3bf1",
          "size": "2381077",
          "boards": [
            {
              "name": "Arduino Zero (Autodetect Port)"
            }
          ],
          "toolsDependencies":
          [
            {
              "packager": "arduino",
              "name": "arm-none-eabi-gcc",
              "version": "7-2017q4"
            },
            {
              "packager": "arduino",
              "name": "bossac",
              "version": "1.8.0-48-gb176eee"
            },
            {
              "packager": "arduino",
              "name": "openocd",
              "version": "0.10.0-arduino9"
            },
            {
              "packager": "arduino",
              "name": "CMSIS",
              "version": "4.5.0"
            },
            {
              "packager": "arduino",
              "name": "CMSIS-Atmel",
              "version": "1.2.0"
            }
          ]
        }
      ],
      "tools":
      [
      ]
    }
  ]
}