{
    "packages":
    [
      {
        "name": "SAML21",
        "maintainer": "Inholland Alkmaar",
        "websiteURL": "https://inholland.nl",
        "email" : "625879@student.inholland.nl",
        "platforms":
        [
          {
            "name": "Arduino SAML (32-bits ARM Cortex-M0+) Boards",
            "architecture": "saml",
            "version": "1.8.11",
            "category": "Contributed",
            "url": "https://github.com/Jelle1212/SAMD_L/blob/master/samd_l.zip?raw=true",
            "archiveFileName": "samd_l.zip",
            "checksum": "SHA-256:e59c73e2faac100433e20067940e13e279663b436c1a18bc3e1ff2d7303a7539",
            "size": "4879278",
            "boards": [
              {
                "name": "Arduino Zero Saml(Native USB Port)"
              }

            ],
            "toolsDependencies":
            [
              {
                "packager": "arduino",
                "name": "arm-none-eabi-gcc",
                "version": "7-2017q4"
              },
              {
                "packager": "arduino",
                "name": "bossac",
                "version": "1.8.0-48-gb176eee"
              },
              {
                "packager": "arduino",
                "name": "openocd",
                "version": "0.10.0-arduino9"
              },
              {
                "packager": "arduino",
                "name": "CMSIS",
                "version": "4.5.0"
              },
              {
                "packager": "arduino",
                "name": "CMSIS-Atmel",
                "version": "1.2.0"
              }
            ]
          }
        ],
        "tools":
        [
        ]
      }
    ]
  }
  